class,precision,recall,mAP50,mAP50-95
cheetah,0.0018918918918918919,0.3181818181818182,0.062228305638336895,0.08646451096356107
human,0.0018918918918918919,0.3181818181818182,0.062228305638336895,0.0
