class,precision,recall,mAP50,mAP50-95
cheetah,0.0011554015020219526,0.2,0.10373421728773424,0.09014824973772857
human,0.0011554015020219526,0.2,0.10373421728773424,0.0
