class,precision,recall,mAP50,mAP50-95
cheetah,0.003076923076923077,0.28205128205128205,0.06701963850542095,0.06551575207455196
human,0.003076923076923077,0.28205128205128205,0.06701963850542095,0.0
