class,precision,recall,mAP50,mAP50-95
cheetah,0.003711104767342278,0.3333333333333333,0.05263312945584731,0.04843870780844316
human,0.003711104767342278,0.3333333333333333,0.05263312945584731,0.0
