class,precision,recall,mAP50,mAP50-95
0,0.0017730496453900709,0.3,0.12858593124182566,0.09604136185736498
1,0.0017730496453900709,0.3,0.12858593124182566,0.0
