class,precision,recall,mAP50,mAP50-95
0,0.003514197357323587,0.32051282051282054,0.05168847031845931,0.0504326370549642
1,0.003514197357323587,0.32051282051282054,0.05168847031845931,0.0
