class,precision,recall,mAP50,mAP50-95
0,0.0018766756032171583,0.3181818181818182,0.05619183952542676,0.07507296266804662
1,0.0018766756032171583,0.3181818181818182,0.05619183952542676,0.0
